{"cameraMode":{"drawMode":31,"name":"Sprite Mask","section":"Miscellaneous"},"sceneLighting":false,"audioPlay":false,"sceneViewState":{"showFog":true,"showMaterialUpdate":true,"showSkybox":true,"showFlares":true,"showImageEffects":true,"showParticleSystems":true},"in2DMode":false,"pivot":{"x":0.03281684219837189,"y":2.590826988220215,"z":0.6353042721748352},"rotation":{"x":0.046773623675107959,"y":0.02845999225974083,"z":-0.0013331938534975052,"w":0.9985000491142273},"size":3.0717883110046388,"orthographic":false}