{"cameraMode":{"drawMode":31,"name":"Sprite Mask","section":"Miscellaneous"},"sceneLighting":false,"audioPlay":false,"sceneViewState":{"showFog":true,"showMaterialUpdate":true,"showSkybox":true,"showFlares":true,"showImageEffects":true,"showParticleSystems":true},"in2DMode":false,"pivot":{"x":-176.439453125,"y":266.1925354003906,"z":932.075439453125},"rotation":{"x":0.1529018133878708,"y":-0.18559066951274873,"z":0.029248693957924844,"w":0.9702188968658447},"size":1675.15283203125,"orthographic":false}